video_id,title,description,channel,published_at
fP4tKcungJA,Nike Alphafly 3 ğŸƒâ€â™‚ï¸#nikealphafly #alphafly3 #alphafly #running #sneakers #sports #shoes #run #shoe,nike #nikealphafly #running #shoes #nikefootball #nikeshoes #vapormax #alpha3 #prototype #sneaker #sneakers #women ...,Go Run,2025-03-06T08:59:25Z
WCb5hJRfMG8,Adidas Sambas Alternative in 1500 ? ğŸ˜±,,THE SHOE UNBOXER,2025-04-27T06:30:52Z
I-xfiu_fqOM,Jordan 1 High Hater Sneakerhead!ğŸ¤¢ğŸ‘Ÿ  #shoereseller #sneakers #sneakertalk #sneakerhead #nike,Check out this video if you're a sneakerhead! We're diving into the Jordan 1 High Hater and discussing all things sneakers.,Sneaker Pick,2024-12-30T10:40:00Z
inCNjAzi5Xw,Real Vs Fake University Blue Jordan 1 #sneakerhead #sneakers #viral,Foot Candy Sneakerhead Community Channel Sneaker Website Link - https://www.footcandysnkrs.com/ (Discount Code ...,Foot Candy ğŸ‘ŸğŸ­,2023-05-11T10:49:48Z
VpdDnAUKtPM,New Nike StoreğŸ“Mumbai ğŸ‘€ Air Jordan 1 Low &#39;Mocha&#39; on retail ğŸ”¥ #newnikestoremumbai #oberoiskycitymall,"Just visited the brand new Nike Store at Oberoi Sky City Mall, Borivali and couldn't believe my luck! I managed to cop the Air ...",Smart Kicks,2025-06-16T15:00:25Z
-EkUJGYfaI8,FAKE âŒ  PUMA SHOES RECIEVED FROM AJIO ğŸ‘Ÿ ğŸ˜±| #shorts,Product link:- https://ajio.page.link/eE3TbjDd2V6ZKY9X8.,Susmitha Nikhil,2023-04-27T11:46:12Z
hYI24x5hX48,Nike air shoes | gets mad #sneakers #nikerunning #nikeair #nikefootball #sneakers,,Shoes Alpha Geek,2024-03-11T08:05:05Z
7y5M6eE7PyY,Sneakers Collections | Veraity Of Collections| Kalifa Showroom | Triplicane | Chennai.,"Visit Us Today or DM for orders: Our shop: Address - 46 Bharathi Salai ( Pycrofts Rd ) Triplicane, Chennai - 600005. Rahman ...",RAHMAN PLAZA,2025-08-07T10:26:23Z
EFoMW2lUwXQ,"9840448526 - SK Shoes ğŸ“¥ Periamet - Chennai .Shop location. Kattor Sadayapan Street,Periamet, Chennai",,s.k shoes periamet,2025-09-01T05:20:44Z
kTA3e4_b34I,Adidas Fluo M Running Shoes Black,,Dhruv Kumar,2023-03-19T14:43:53Z
aWsmWqAFSLs,AIR JORDAN 1 DIORS For....ğŸ˜±ğŸ˜±ğŸ˜±ğŸ˜±,,The Sneaker Guy,2023-07-21T15:00:01Z
E_dZ8wS87II,one of the best collection in Chennai shoes,,Mohan Mohan,2023-03-19T15:43:13Z
K84Kr4kcAjA,$12 Nike Jordans In India ğŸ‡®ğŸ‡³ #shorts,Join my free travel content creator community helping people accelerate their growth and meet people on their journey to ...,Harry Jaggard,2023-03-10T12:30:09Z
67xtibBUQ3A,â—‡Woodland shoes unbelievable price just 1999rs at CLUB365DAYS  Size from 6 to 11,,club365days_menswear,2024-11-19T13:19:45Z
mNTr2rqh_H4,Skechers ğŸ’¯% original  staff 55% discount  on MRP at club  365 days at Periamet #skechersperformance,,club365days_menswear,2024-11-24T14:10:28Z
RO6GjivgsCo,White sneaker ğŸ‘Ÿ just 300 ğŸ«¨ | budget series,mensfashion #myntrashirt #fashion #myntrabeauty #duskyskintone #menswear #whitesneakers #shoes.,Merson Raja ,2025-07-03T13:18:50Z
IrB0Pl3ctB0,Cheapest Item At NIKE STORE!!,,Kiran Kumar,2024-02-12T04:45:42Z
P7_5qEg-ZXI,Converse HATER!ğŸ¤¢ğŸ‘Ÿ  #shoereseller #sneakers #thesneakerprincipal #nike #sneakertalk #sneakerhead,"Are you a Converse HATER? Watch this video for all the sneaker talk you need! From Nike to reselling, we cover it all.",Sneaker Pick,2025-01-12T10:40:00Z
iSZWnBMOMHI,Best Red Tape Sneakers ğŸ”¥ Links in Channel About âœ¨ #sneakers #shoes,,TALIB Styling,2025-03-25T05:55:16Z
fSqCIqxCKYc,Neeman&#39;s Everyday basic sneakers || powder white #neeman #shoes #ecoshoes #karansri #shoe #chennai,,Karan Sri,2023-05-25T06:12:51Z
_WphiOEl2XA,"9840448526 - SK Shoes ğŸ“¥ Periamet - Chennai .Shop location. Kattor Sadayapan Street,Periamet, Chennai",,s.k shoes periamet,2025-08-23T10:40:52Z
4500oC_l8Ls,RedTape White Sneakers ğŸ‘Ÿ from Myntra #shorts #shoes #whitesneakers,Buy link Hey! Here's my HaulPack. Check it out for all of my product recommendations! https://www.haulpack.com/c/raffu786 #best ...,RAFIQUE SAYYED,2024-07-04T15:30:00Z
8rYv8X2z9OI,WOMENâ€™S WALKING SHOES COLLECTION | full video on youtube |#shorts #tamilshorts #1wayshoes #chennai,"Please watch: ""eeken brand the most comfortable slippers ever https://www.youtube.com/watch?v=czxorFqjVFo -~-~~-~~~-~~-~-",1 Way Shoes,2022-11-22T17:59:13Z
_LOZzT9Gtg8,Branded shoe for low price #radestreet #chennai #lowprice #shoe #sneakers #footwear #2023 #shorts,Location link https://maps.app.goo.gl/kHR7nML8gGZzEsHV7 Instagram link ...,NK LIFE,2023-08-19T09:55:25Z
ysS4Kk0USGA,This running shoe is illegal!,c: runnersnerd on instagram alexfilitti on TikTok.,Arcdelio,2024-05-06T13:43:58Z
H_DqaMyYV4w,Different Type of Shoes | Saravana Stores #shopping #travel #chennai,,Kajeeban,2023-09-06T11:30:08Z
0cPVOaQJ7o8,Different types of Shoes ğŸ‘Ÿ in Chennai Showroom#travel #trending,,Kajeeban,2024-11-26T14:30:00Z
DD4AOLd1-Lo,ğŸ”¥ Sparx Sneakers | Lace-Up &amp; Slip-On Collection at Moon Walk Chennai ğŸ‘Ÿâœ¨,"Step into style with the latest Sparx Sneakers â€“ now available at Moon Walk, Kodungaiyur, Chennai! Choose your vibe: ...",Moon Walk,2025-08-21T12:39:42Z
sPETvshkcEA,Imported shoes | sneakers Collection | 1 way | chennai,"Imported sneakers Dm for size and price . @1way_shoe . 1 WAY SHOES All types and styles are available for Men, Women, ...",1 Way Shoes,2023-11-22T09:30:21Z
Y9ExHFewt_8,TOP 5 WHITE SNEAKERS UNDER 500RS â¤ï¸ #whitesneakersmen #sneakers #sneakershopping,TOP 5 WHITE SNEAKERS UNDER 500RS â¤ï¸ whitesneakersmen #sneakers #sneakershopping labbin sneakers white labbin ...,CHERRY CREATIONS,2022-12-11T06:58:28Z
xN_XMy_NSc0,showroom opening | Ushoeskart.com | leather shoe | leather sneakers | Chennai,"showroom opening | Ushoeskart.com | leather shoe | leather sneakers | Chennai Visit Us : #33/3, First Floor, V P Colony, ...",ushoes kart,2022-07-07T10:53:56Z
ZffR97u6bNU,nama THIRUVOTTYUR la imported shoes available #thiruvottiyur #treanding #chennai,,Sneakers land,2023-02-21T19:25:14Z
yEih3z6fooA,Sneakers says #chennai #shoes #chennaimemes #fashionstyle #chennaitrending #fashion #ipl #bag #sale,,Luxus Footwear,2025-04-18T12:39:39Z
nLE2GKXeMOM,Nike Shoes âœ…Real or Fake âŒ || How to check #shoes #nike #viral #trending #shorts,Nike Shoes âœ“Real or Fake âŒ || How to Check . . . . #viral #shortvideo #trending #shoes #viralvideo #youtubeshorts ...,Men's Fashion style,2023-09-01T04:39:54Z
SwzAAbPz0ZQ,Crocs  all types availabe #shoes #sneakers #nike #chennaionlinestore #555shoes  #sneakerhead,"For order online Whatsapp 7868905884 Instagram 555_shoes_online 555 shoes, 28th cross street, besant nagar. chennai-90.",555 Shoes,2025-01-01T06:29:35Z
9Nyrdccpw9g,Chennai safety  shoe  showroom @three star traders-broadway-9840234111,,THREE STAR TRADERS,2022-10-17T18:19:30Z
6S8kLhEuE1Y,Branded Shoes available now at #1wayshoes ğŸ‘Ÿâœ¨â¤ï¸  #tondiarpet #cheapestshoes #chennai #tamilvideo,,1 Way Shoes,2022-07-09T09:51:27Z
bo2IadWfbbA,"SS FOOTWEAR - MR NAGAR - Chennai Available kids school shoes,Bags. like &amp; subscribe our @SS FOOTWEAR",, SS FOOTWEAR ,2023-01-27T11:18:56Z
QGM8scYL9fo,FootwearğŸ˜ #shorts #explore #trending #chennai #viral #zudio #footwear #affordableprice #affordable,,Monika Gaur,2023-01-26T13:50:19Z
2jHopCHaJ0g,Language Shoes store | VR Chennai,,Language Shoes,2022-03-21T05:03:09Z
5eoHk2SnE_M,FILA Slippers #1wayshoes Full video on YouTube #tondiarpet #cheapestshoes #chennai #fashion,,1 Way Shoes,2022-07-16T05:53:02Z
tcFjWHEHass,Hiker clogs at low price | fullforce clog | literide2 | 1 way shoes,"Clog Hiker,Fulforce,Literide 2 available in 1 way shoes Dm for size and price Grab it soon . @1way_shoe . 1 WAY SHOES All ...",1 Way Shoes,2023-12-04T11:30:20Z
sIXaqfc2I7g,+918903429150#chennai  #instafashion #instadaily #instaviral #shorts #shoes #instareelsindiaâ¤ï¸,,AR Online Shop,2021-11-26T18:38:41Z
05HVQ11lK_o,ğŸ”¥ Imported sneakers #shoes #chennai #2023 #thiruneermalai #main road ğŸ›£ï¸ #copy,,Dauntless Shoes,2023-11-23T01:25:47Z
lS7ep3GN2J0,industrial Safety Shoe 9840234111 Three Star Traders Chennai Broadway,,THREE STAR TRADERS,2022-01-11T17:40:24Z
NDA-7HsBiZo,Chennai Pallavaram| à®ªà®²à¯à®²à®¾à®µà®¾à®° à®šà®¨à¯à®¤à¯ˆ à®ªà®¿à®°à®¾à®£à¯à®Ÿà®Ÿà¯ à®•à¯à®°à¯‹à®•à¯à®¸à¯ Crocs à®•à¯à®±à¯ˆà®¨à¯à®¤ à®µà®¿à®²à¯ˆà®¯à®¿à®²à¯ ğŸ˜² Friday only| #crocs,,Travel Galaxy,2022-09-17T18:45:28Z
b0x0uSdiNZY,ğŸ”¥Imported sneakers ğŸ˜shoes #2023  #shoes #chennai  #Thiruneermalai main road #nagalkeniğŸ”œ,,Dauntless Shoes,2023-11-22T11:52:09Z
dGC0V568yAA,M a shoes luxury #leather ## Periamet Chennai,M a shoes Periamet Chennai .Phone 9500193606.,m a shoes,2019-05-08T23:15:20Z
aITOXIOCAxk,Printed Dolphin Sandals | Multi colors available at our store #1wayshoes #shoes #chennai #shorts #,Printed Dolphin Sandals @1way.shoe . Multi colors available at our storeâ¤ï¸   . Size : 7 to 11 . Offer price : â‚¹550/- MRP ...,1 Way Shoes,2023-04-11T11:06:05Z
x_qmSjA3kNk,Cheapest Item At Adidas Store!!!!!,,Kiran Kumar,2024-02-21T12:30:40Z
fP4tKcungJA,Nike Alphafly 3 ğŸƒâ€â™‚ï¸#nikealphafly #alphafly3 #alphafly #running #sneakers #sports #shoes #run #shoe,nike #nikealphafly #running #shoes #nikefootball #nikeshoes #vapormax #alpha3 #prototype #sneaker #sneakers #women ...,Go Run,2025-03-06T08:59:25Z
d2A39eJ_Iso,Budget friendly &amp; shoes ğŸ‘Ÿ Running &amp; workout #coachmathi #motivation #fit_tamila #coachmathi365,,Coach Mathi Fit-à®¤à®®à®¿à®´à®¾,2024-06-29T04:34:12Z
u0NsAjaAa3E,How to choose perfect runningğŸƒâ€â™‚ï¸joggingğŸƒâ€â™‚ï¸&amp;sports shoesğŸ‘Ÿ #coachmathi #sports #shoes #fit_tamila,,Coach Mathi Fit-à®¤à®®à®¿à®´à®¾,2024-07-12T04:59:03Z
sNDcYQc4ECQ,Nike Alphafly 2 First Copy Price ğŸ¤© Best Shoes for Running #running #runner #runningshoes,,Nagpur Brands,2023-10-26T18:21:15Z
R2D9_VXvFcA,The PUMA Fast-RB ğŸ”¥What do you think of this unbelievable bit of kit?! ğŸ‘€ #running #runningshoes,,Pro:Direct Running,2024-08-28T10:06:58Z
Z7cMWZVtyRE,Abros Fleet running shoes for men #shoes #abros #abrosfleet #running #runningshoes #columbus #sports,Abros Fleet running shoes for men Abros running shoes Running shoes Best running shoes Columbus nxg Best 5 running shoes ...,JADON SHOES STORE ,2024-11-01T07:17:31Z
iga9LXxCiso,RUNNING à®ªà®£à¯à®£ à®‡à®¨à¯à®¤ shoe  ğŸ‘Ÿ try à®ªà®£à¯à®£à®¿ à®ªà®¾à®°à¯à®™à¯à®• best budget friendly #runningshoe #coachmathi #running,BEST RUNNING SHOE . @decathlonsportsindia . . Try to go Decathalon sports âš½ï¸ show Room are Download Decathalon ...,Coach Mathi Fit-à®¤à®®à®¿à®´à®¾,2023-08-10T14:26:45Z
WCb5hJRfMG8,Adidas Sambas Alternative in 1500 ? ğŸ˜±,,THE SHOE UNBOXER,2025-04-27T06:30:52Z
wf4xS1FmHys,Test Asics Magic Speed 4 Carbon vs Novablast 5 No Carbon #top4running #runningmotivation #running,,Trung Sneaker,2025-04-07T14:57:19Z
Y660kP4fvtY,ğŸ”¥ Top 5 Running Shoes of 2025 (so far),"Top 5 Running Shoes of 2025 (so far) From carbon-plated beasts to daily trainers with serious speed, here are the shoes ...",Athletico,2025-07-13T04:21:34Z
BNeha-xvusU,Salomon running spike | best running spike 2024 #salomonrunning #salomon #sprint,,Shoes Alpha Geek,2024-12-09T03:30:04Z
gy_EZAfcuBA,PUMA vs BrooksğŸ‘ŸğŸ’¨,,Jeremy Miller,2025-03-13T18:12:10Z
lzBjmMoWppk,Alpha fly next 2% running shoes #viral #trending #nike #army  #motivation #1600m @sahiljaat0828,,Sahil Tumbaheria,2024-06-16T05:38:33Z
YE5Md2UdNx0,Nike Alphafly 2 Ekiden Zoom #nike #running #shoes #sneakers #runningshoes #sports #fitness #run,nike #running #shoes #nikefootball #nikeshoes #vapormax #alpha3 #prototype #sneakers #sneaker #women #men #sportshoes ...,Go Run,2025-01-01T08:23:26Z
aQXkY5pVUIw,New Balance FuelCell Rebel v4 Running #newbalance #new #sneaker #running #runner #rebel,"New Balance FuelCell Rebel v4 Running #newbalance #new #sneaker #running #runner #rebel new balance rebel v4,new ...",Shoeworld,2024-06-26T17:25:06Z
M7iHcqerkvg,ğŸ”¥Destroying Nike Alphafly Next% 1 | Watch Till The End! #shorts #fyp #nikealphafly,Destroying Nike Alphafly Next% 1 | Watch Till The End! How Tough Is the Alphafly Next% 1 Really?! We put the legendary ...,Glidners,2025-04-29T01:56:01Z
b8k4s4R_Pfc,Nike Invincible 3 &amp; Asics Gel-Nimbus 25,,Ryan's Running Reviews ,2023-05-01T23:45:01Z
kTA3e4_b34I,Adidas Fluo M Running Shoes Black,,Dhruv Kumar,2023-03-19T14:43:53Z
ooDnAvaPmrQ,Puma Deviate Nitro 3 - Fireglow #puma #running #runner #nitro #sneaker,"Puma Deviate Nitro 3 - Fireglow #puma #running #runner #nitro #sneaker puma deviate nitro elite,puma deviate nitro elite 2 ...",Shoeworld,2024-06-07T12:55:42Z
-lB8nYxidFo,abros hyperfuse running shoes - Best Shoes Under 1500 - Shoe For Running #shoes #shorts,"Abros Drift Shoe - Best Shoes Under 1500 - Abros Running Shoe #shoes #shorts #runningshoes abros running shoes,abros ...",Ashish Rathore vlogs,2024-10-23T07:00:00Z
b-zYjdkgWuI,Excited to announce that Brooks is now in Chennai! ğŸ˜ğŸ”¥,Excited to announce that Brooks is now in Chennai! Visit the store Bikerz Sports and grab your pair of Brooks that you were ...,Brooks Running India,2022-03-19T13:26:56Z
Bwm6RoS9y60,Budget Adidas Sneakers ! Adidas sambas Alternatives starting Rs 1200/-,,THE SHOE UNBOXER,2025-05-12T07:57:59Z
yrR02aQAyOw,Comparison of MAX cushioned shoes! #nikerunning  #asicsrunning,"You come to the running store, you see Nike Vomero 18 for $150. Soft and Comfortable. But then you see ASICS Nimbus for $200 ...",RUN FAQ,2025-03-24T22:55:20Z
KoxqMFqMe5c,Action Turbo 504 Running Shoes â€” 1 of Top Pick Under â‚¹1200ğŸ”¥ ?,Action Turbo 504 Running Shoes | Action Turbo 502 Running Shoes | Action Turbo 503 Running Shoes | Action Turbo Shoes ...,RP Richwear,2025-06-27T14:10:42Z
lbQYpilF_sc,DECATHLON KALENJI RUNACTIVE RUNNING SHOES|  2022 ğŸƒâ€â™‚ï¸ğŸƒâ€â™‚ï¸ğŸ‘ŸğŸ‘Ÿ,,GOOD CHOICE,2022-11-17T10:24:41Z
sVXK4UjmG9Q,Alphafly 3 footstrike comparison!ğŸ¦¶ğŸƒWhich type are you? #runningshoes,,RunRepeat.com,2024-04-21T19:28:54Z
ZzK-kdlyoNI,Review of Yonex V100-i badminton shoes | best shoes under â‚¹2000,,BADMINTON INSPIRATION,2024-12-12T04:41:07Z
E_dZ8wS87II,one of the best collection in Chennai shoes,,Mohan Mohan,2023-03-19T15:43:13Z
qR9dabhXJQ4,âœ… SHOES WITH CARBON PLATE vs âŒ SHOES WITHOUT CARBON PLATE. What do you think? ğŸ¤” #running #shoes,,The Fashion Jogger,2024-03-30T18:36:53Z
Q-B6vPGzAQw,New balance SC elite V4 Running shoes #shorts,,Shoes Hub,2024-08-24T04:25:19Z
XRntgbtNEbM,Asics Novablast 4 Running Shoes #shorts,Asics Novablast 4 Full Review in Hindi | Best Daily Training Running Shoes 2025? Asics Novablast 4 Full Review in Hindi!,Raman Footwear Store,2025-06-21T10:43:08Z
ysS4Kk0USGA,This running shoe is illegal!,c: runnersnerd on instagram alexfilitti on TikTok.,Arcdelio,2024-05-06T13:43:58Z
-EkUJGYfaI8,FAKE âŒ  PUMA SHOES RECIEVED FROM AJIO ğŸ‘Ÿ ğŸ˜±| #shorts,Product link:- https://ajio.page.link/eE3TbjDd2V6ZKY9X8.,Susmitha Nikhil,2023-04-27T11:46:12Z
Tyi_NaL_5Xw,Best sports shoe under 1800 ğŸ”¥ğŸ˜â¤ï¸,"Subscribe for more Fashion, Grooming, Skin and hair tips Videos â£ï¸     Follow me in Facebook page for more Videos ...",Shadhik Azeez,2023-04-18T13:51:40Z
pbYroGVc1mc,âš¡PUMA ROBUST V2ğŸ‘Ÿâ¤ BEST RUNNING ğŸƒâ€â™‚ï¸ SHOESğŸ‘‰ MUST BUY â¤LINK IN DESCRIPTION â¤#puma #running #systummm,Take a look at this PUMA Robust V2 Sneakers For Men on Flipkart https://dl.flipkart.com/s/_OL_UbNNNN #flipkart #runningshoes ...,DN TECH,2023-10-25T15:55:13Z
R_O4MEvsOKc,Nike Dragonfly 2 Elite #spikes #nike #running #spike #run #gorun #sneakers  #sports #athleticshoes,spikes #nike #running #spike #run #gorun #sneakers #sports #athleticshoes.,Go Run,2025-02-24T22:14:26Z
3O0qTqDdogg,I tested cheap vs expensive running shoes!,,Lets Test Laurence,2022-12-24T23:27:55Z
sEsm9Wlio38,Enake vipudhiya da.. 10K shoe va ğŸ¤¯â™¥ï¸ğŸ”¥ shadhikazeez,Telegram channel name- Offers for subscribers' Channel has 118K subscribers.,Shadhik Azeez,2025-01-18T17:29:54Z
QbSXyJs8M8k,à®°à¯‚. 699 Original Branded Shoes | Branded Certified Shoe in Club 365 | Vimals lifestyle,"Quick updates Follow me instagram ID : https://vimalslifestyle.page.link/dhgB Club365 146/12, First Floor, Vepery High Road, ...",Vimals lifestyle,2025-07-03T08:49:32Z
2rMezKPyOmM,ğŸ’¥ğŸ¤¯ Advocates-à®•à¯. à®‡à®¤à¯ Dhan BEST Shoeâ‰ï¸ğŸ˜± | #shorts | @NazeemVlogger,For Business Enquiries / What's app : 9514567668 Join Us On Instagram : https://www.instagram.com/nazeem_offl/?hl=en Twitter: ...,Nazeem Vlogger,2025-06-24T13:45:03Z
cB1Pc6b09W8,"Bounce Test: Best Running Shoes Under â‚¹5000 | ASICS, Brooks, Adidas| Energy Return Compared in Tamil",I put 5 popular running shoes under â‚¹5000 through a bounce test âš¡ to see which one delivers the most energy return and ...,RunWithBala,2025-08-21T20:18:46Z
mI7c70LDRgo,Skechers shoe unboxing | my new shoes | ULTRA GO MAX CUSHIONING | #skechers,"buy these shoes here https://amzn.to/3Xq9uIL skechers shoes, ultra go max, extra cushioning . skechers shoes skechers shoes for ...",Satya's vox,2021-03-17T08:49:13Z
VkxK2nh1kms,INTERNATIONAL ATHLETE 800M NEW SHOES #viral,,indian Gurmeet 400m,2022-11-09T06:05:19Z
xpNiaqOGoMo,MENS FAST RUNNING SHOES KD500 2 in Decathlon #mens #fast #running #shoes #decathlon #shorts #viral,,Abhi DueCool,2023-10-05T07:11:48Z
-d2bJ-iTtzc,SSC GD 5km physical best Running shoes||# youtubeshort #SSC GD PHYSICAL,,informative R.k,2025-06-22T12:38:56Z
IZDMkEjVE7s,Adidas Duramo RC | Budget Running Shoes,Adidas Duramo RC is a budget-friendly running shoe designed for beginners and everyday runners. Key Features: Lightweight ...,Bem Kicks,2025-04-18T20:30:02Z
WZdzgTVp55k,ASICS GEL NIMBUS 25 ğŸ”¥,,THE SHOE UNBOXER,2024-04-23T02:30:13Z
3yhdfrAX09s,Best Running Shoes Under â‚¹3000 in India | Adidas Runfalcon 5 vs UltraRun 5 vs Switch Run in Tamil,Looking for the best budget running shoes under â‚¹3000 in India? â€â™‚ï¸   I tested 3 Adidas budget models: Adidas Runfalcon 5 ...,RunWithBala,2025-08-21T20:14:08Z
kCDIaWT-L7Y,à®°à¯‚. 750 Original Branded Shoes | Branded Certified Shoe in Club 365 | Vimals lifestyle,"Quick updates Follow me instagram ID : https://vimalslifestyle.page.link/dhgB Club365 146/12, First Floor, Vepery High Road, ...",Vimals lifestyle,2025-08-07T10:24:58Z
1y7Vj6uO230,Puma Fast RB Nitro elite running shoes #shoes #puma #runningshoes #pumafastrb #pumarb #pumashoes,Puma Fast RB Nitro elite running shoes #shoes #puma #runningshoes #pumafastrb #pumarb #pumashoes Men Puma Fast RB ...,JADON SHOES STORE ,2024-12-31T17:55:54Z
M5kYVy7z-oY,Traction test for the Giannis Immortality 4 ğŸ˜ˆ #basketballshoes #giannisimmortality,,ls_hoops,2024-10-10T16:02:03Z
ZLNqILyj-6E,LeBron 20 Outside,,DGHoops,2023-06-17T22:00:16Z
kENL6XY8A6A,Nike Kobe 5 Protro Traction Test! ğŸ #basketballshoes #kobebryant #nike,,Zackuragi,2025-02-28T22:22:44Z
fP4tKcungJA,Nike Alphafly 3 ğŸƒâ€â™‚ï¸#nikealphafly #alphafly3 #alphafly #running #sneakers #sports #shoes #run #shoe,nike #nikealphafly #running #shoes #nikefootball #nikeshoes #vapormax #alpha3 #prototype #sneaker #sneakers #women ...,Go Run,2025-03-06T08:59:25Z
7ZTG2VbDzzk,Nike Precision 6 Traction Test! #basketballshoes #nike #nikebasketball,,Zackuragi,2023-06-27T16:52:48Z
inCNjAzi5Xw,Real Vs Fake University Blue Jordan 1 #sneakerhead #sneakers #viral,Foot Candy Sneakerhead Community Channel Sneaker Website Link - https://www.footcandysnkrs.com/ (Discount Code ...,Foot Candy ğŸ‘ŸğŸ­,2023-05-11T10:49:48Z
XqQNfGF47xw,Top 10 Basketball Shoes of 2025 #basketballshoes #sneakers,"Top 10 Basketball Shoes of 2024 Hoops heads and sneaker fanatics, get ready! This video breaks down the TOP 10 basketball ...",Bem Kicks,2024-12-25T08:30:19Z
DAKFVxcH9kU,6 Basketball Shoe Brands! Whatâ€™s Best? ğŸ˜³,,DGHoops,2024-12-27T20:05:33Z
Bb135tuCTL4,Testing $400 BANNED NBA Shoes ğŸ‘ ,shorts #basketball #nba #dunking.,McDeezy,2025-01-13T20:05:18Z
KPYdV221O34,TOP 5 AFFORDABLE BASKETBALL SHOES ğŸ”¥ğŸ¤‘ğŸ’¯,,DGHoops,2024-07-07T20:00:06Z
zE1-yJ5nqrQ,The Evolution of Basketball Shoes,The Evolution of Basketball Shoes.,Dame Universe,2025-01-21T20:54:16Z
s7i6Ngwbv4E,I tested cheap ğŸ’°vs expensive ğŸ’°ğŸ’°ğŸ’°basketball shoes!,,Lets Test Laurence,2022-12-13T23:53:11Z
x5HrIOKB6gQ,10 New Basketball Shoes In My Collection ğŸ”¥ğŸ¥µâ€¼ï¸,,DGHoops,2025-08-02T20:26:31Z
g8bvgj57d3k,Best Basketball Shoe Of All Time,,DGHoops,2023-05-19T15:00:36Z
WVEOS9DSkz4,Top 5 Most Comfortable Basketball Shoes,,DGHoops,2023-11-12T21:00:11Z
3WXnPaSYI7k,TOP 22 BASKETBALL SHOES EVER! ğŸ€,,Marky,2025-06-20T22:58:37Z
_wZwnqEyVpA,Lebron Basketball Shoes VS Curry Basketball Shoes,,Oliver Kowal,2024-03-13T16:12:12Z
IH6NUDUdTc0,5 Best Basketball Shoes For Ankle Sprain Protection - Fall 2025,Real Foot Doctor reviews the top 5 basketball shoes for ankle sprainers for fall 2025 Check out how to max out YOUR shoes ...,The Shoe Garage,2025-08-26T14:35:11Z
VEGiBfqAu6A,Testing the Most POPULAR Basketball Shoes EVER! ğŸ€ #Basketball #Sneakers #Kobe6 #NBA #MarkyLaPointe,,Marky,2025-08-21T09:04:26Z
dUg_zruaPwM,WHAT&#39;S THE BEST BASKETBALL SHOE?? ğŸ¤”ğŸ€ğŸ‘Ÿ #basketballshoes,,Court Candy,2025-03-28T00:37:17Z
KpHZaoCxQDs,My extreme hobby: basketball shoes ğŸ˜­ğŸ€,,Marky,2023-12-08T23:58:43Z
NN0KENied5o,Best Basketball Shoe Of 2025? ğŸ¥µ,,DGHoops,2025-07-19T20:52:12Z
8Yje5XwMuqg,Traction test for the GT Cut 3 Turbo! ğŸï¸ #basketballshoes #gtcut3turbo #gtcut3,,ls_hoops,2025-08-08T20:47:04Z
GHUbd_JqIxE,Trying All the Newest Basketball ShoesğŸ€,,Steve Natto Sneaker Reviews,2025-08-09T04:51:30Z
K18VzAdJMGg,"$4,000 Kobe Shoes vs $200 Basketball Shoes",Kobe 6 shoes vs $200 361 Patrick shoes.,DunkBroDavid,2025-01-26T00:55:52Z
F5_zZf-A_2g,6 Outdoor Basketball Shoes You NEED To Try! #basketballshoes #basketball #ballislife,,Zackuragi,2025-05-25T15:02:58Z
gHVWymuji4I,XERO X1 Barefoot Basketball Shoe Review ğŸ¦¶ğŸ¤¯ğŸ”¥,,DGHoops,2025-03-26T20:06:45Z
Gkp1wg8aLLw,Nicest Budget Basketball Shoe ğŸ‘€ğŸ’°ğŸ”¥,,DGHoops,2025-07-17T16:00:34Z
SwIk1fOjPNY,10 Basketball Shoes With Good Traction ğŸ”¥ğŸ‘€ğŸ›,,DGHoops,2025-03-05T21:13:30Z
lGCZCHqwa7E,$1 vs $300 Basketball Shoes!ğŸ˜‚,,Later Slater,2024-07-02T17:00:27Z
LY5rRrPFfFE,10 Basketball Shoes With Good Cushion,,DGHoops,2024-12-29T21:56:16Z
Tv3CUej0MKk,Nike Sabrina 2 Performance Review! ğŸ¦† #nike #sabrinaionescu #basketballshoes #ballislife,,Zackuragi,2025-01-03T15:40:38Z
TcLxUuHttRA,10 Elite Basketball Shoes For Guards ğŸ”¥ğŸ‘ğŸ˜,,DGHoops,2025-03-21T23:51:25Z
7CFkG8otK_Y,BEST BASKETBALL SHOE OF ALL TIME?? ğŸ¤”ğŸ€ğŸ‘Ÿ #basketballshoes #meshshorts #compressionsleeves,,Court Candy,2025-08-05T20:17:41Z
CrXyRHG1wGY,The Best Budget Basketball Shoes     #basketball #basketballshoes #hoopshoes,,Techo ,2025-07-16T05:34:42Z
r2Em8Thlb6U,4 BEST Budget Basketball Shoes Right Now! ğŸ‘€ #basketballshoes #ballisllife #sneakers,,Zackuragi,2024-12-02T23:51:53Z
clPey3LwP3c,THE BEST BASKETBALL SHOES Iâ€™VE EVER WORN!,,Marky,2025-04-01T11:08:10Z
N7zVanL7AxY,Top 5 Basketball Shoe Brands In The NBA ğŸ¤·ğŸ˜ˆğŸ”¥,,DGHoops,2025-04-28T00:06:33Z
1kFuIXcLd_A,Nivia Engraver Basketball Shoes Grip Test #basketballshoes #niviasports #fiba #sports #engraver,,Pendu Warriors ,2025-03-01T06:27:33Z
is6BmDtrjmQ,5 Rare Basketball Shoes In My Collection ğŸ”¥ğŸ¥µğŸ‘€,,DGHoops,2025-08-09T18:43:07Z
fBzGeNGIRM0,Worldâ€™s Most DANGEROUS Basketball Shoes,,Marky,2025-08-29T03:31:02Z
fssYc3IN4vI,Worldâ€™s Most BOUNCY Basketball Shoes,,Marky,2025-08-29T05:52:24Z
GyPjNwOybSc,Top 10 Basketball Shoes For Guards ğŸ€,,DGHoops,2024-01-28T15:00:13Z
V2C-5xhhOEo,WHAT&#39;S THE BEST BASKETBALL SHOE?? ğŸ€ğŸ‘ŸğŸ¤” #basketballshoes,,Court Candy,2025-04-03T05:33:35Z
Ix4Llc28lU0,BEST VS WORST NIKE BASKETBALL SHOES 2025! ğŸ€ğŸ‘Ÿ,,Marky,2025-06-03T06:48:15Z
wGeJL2Ecako,The most expensive basketball shoes you can buy,These are the most expensive basketball shoes you can buy.,DunkBroDavid,2025-07-24T03:12:04Z
_KxhnM757kg,My Top 5 Favorite Hoop Shoes Currently (February 2025) ğŸ€ğŸ‘Ÿ #sneaker #sneakers #basketball #review,,Vin,2025-02-02T08:36:55Z
VjoBP3xbKG4,The BEST Basketball Shoes THIS YEAR ğŸ”¥ğŸ”¥,,JDub,2025-04-16T18:05:37Z
4st7jYwXQIM,Ja 2 - Basketball Shoes ğŸ€,shorts #shoes #basketball #nba #sneakers #jamorant #2025 #sports #nike.,Arise,2025-06-17T22:03:37Z
w6lHFqLRACM,5 Most Underrated &amp; Affordable Basketball Shoes! #shorts,basketballshoes #tierlist #sneakers In this video we go through almost 80 pairs of basketball shoes released in the past year and ...,Tommy Liu,2023-10-19T00:00:25Z
_szCnFOdDn8,Sports clothes at lowest price in chennai #sportsclothshopchennai #drifit #mshop,"sports jersey ,tracks ,shorts etc.... are available in lowest price with more offers! Visit Mayilon sports wear Location: ...",Irai Frames,2022-01-27T10:38:45Z
caTmI3NW8aI,Imported Premium Drifit Shorts Available In Chennai @ Cheap Price | Direct Manufacturer #shorts,Imported Premium Drifit Shorts Available In Chennai @ Cheap Price | Direct Manufacturer | Club360 We Are One Of The Leading ...,Club 360 Clothing,2022-05-25T11:08:49Z
-g8ZqLDv5G4,Imported Premium Drifit Track Pant Available In Chennai @ Cheap Price Direct Manufacturer | Club360,Imported Premium Drifit Track Pant Available In Chennai @ Cheap Price | Direct Manufacturer | Club360 We Are One Of The ...,Club 360 Clothing,2021-08-02T09:41:59Z
4P_rN2zrW7I,Imported 4way Lycra Track Pants Available In Chennai @ Cheap Price | Direct Manufacturer | Club360,Imported Premium Drifit 4way Lycra Track Pants Available In Chennai @ Cheap Price | Direct Manufacturer | Club360 We Are ...,Club 360 Clothing,2022-09-12T08:17:41Z
4WrxdWonhPg,Imported 4way Lycra Track Pants Available In Chennai @Cheap Price | Direct Manufacturer | Club360,Imported Premium Drifit 4way Lycra Track Pants Available In Chennai @ Cheap Price | Direct Manufacturer | Club360 We Are ...,Club 360 Clothing,2022-09-12T08:06:18Z
HgfnidB9GRk,Raymond Uniforms collection now in store #uniforms #customuniforms #sportswear,,Adyar - The Raymond Shop,2023-02-03T08:08:43Z
ra__WM3lrk0,#sportswearmanufacturer #sports #sportswear #canada #usa #chennai #ireland #uk,,FRIEND SPORTS COMPANY.,2022-08-05T17:07:12Z
yeHoVaYqW4U,Imported Premium 4Way Lycra Pants Available In Chennai @ Cheap Price | Direct Manufacturer | Club360,Imported Premium 4Way Lycra Pants Available In Chennai @ Cheap Price | Direct Manufacturer | Club360 We Are One Of The ...,Club 360 Clothing,2021-12-18T08:56:37Z
sBFhGGHsX1s,Aura999999+ğŸ’€ğŸ—¿#msdhoni #ipl #viratkohli #rohitsharma #cricket #csk,Aura999999+    #msdhoni #ipl #viratkohli #rohitsharma #cricket #csk.,@proedit___gully,2025-09-01T09:52:31Z
RkGDnc5dLiE,Imported Premium Drifit Popcorn Tshirts Available In Chennai @ Cheap Price | Direct Manufacturer,Imported Premium Drifit Popcorn Full Hand Tshirts Available In Chennai @ Cheap Price | Direct Manufacturer | Club360 We Are ...,Club 360 Clothing,2021-10-29T09:01:04Z
x3Z0s2rVMXg,#watches #india #chennai #casio #genuine #youthseries #branded #gshock #sportswear #fitness,,SHIVâ€¦,2022-07-28T02:57:30Z
r9TVInxVQe4,#sportswearmanufacturer #sports #canada #usa #australia #ireland #england #chennai  #sportswear,,FRIEND SPORTS COMPANY.,2022-08-04T17:07:57Z
IzyiGiVVClM,Imported Premium Drifit Ns Lycra Track Pant Available In Chennai @ Cheap Price | Direct Manufacturer,Imported Premium Drifit Ns Lycra Track Pant Available In Chennai @ Cheap Price | Direct Manufacturer | Club360 We Are One Of ...,Club 360 Clothing,2021-11-17T15:31:48Z
tqriHF6tWpU,Branded Shoes in Cheapest Price In Chennai Mount Road | Party Wear | Sports Shoes | #unvb,nangalegendpa #nangalegend #nlpa #nlp #nl #unvb #shoesinlowprice #shoeslowprice #brandedshoesinlowprice ...,Nanga Legend Pa,2022-01-09T06:38:56Z
7ISD5X1gmxk,XL1 Products Portfolio | XL1 Super Sports | Sports Shop in Chennai | Mogappair East,"XL1 Super Sports Location : https://www.google.com/maps/place/XL1+Super+Sports,+%2312%2F562,+1st+floor ...",XL1 SUPER SPORTS,2022-04-04T13:11:15Z
LZdnUk_DFEQ,Imported Premium DriFit T-shirtâ€™s Available In Chennai @ Cheap Price | Direct Manufacturer | Club360,Imported Premium Dri-Fit T-shirt's Available In Chennai @ Cheap Price | Direct Manufacturer | Club360 We Are One Of The ...,Club 360 Clothing,2021-08-07T07:03:52Z
EQPbZ7L8kZk,Imported Drifit Crush Lycra Tshirts Available In Chennai @ Cheap Price | Direct Manufacturer Club360,Imported Premium Drifit Crush Lycra T-shirts Available In Chennai @ Cheap Price | Direct Manufacturer | Club360 We Are One Of ...,Club 360 Clothing,2021-11-06T08:19:35Z
tY0sHUEDNCw,Puma at Phoenix Chennai!,The best sportswear only at Puma! Shop now! #puma #sports #phoenix #chennai #shoes #clothing.,Phoenix Marketcity Chennai,2023-06-06T10:15:27Z
V98_IUt7wGA,Imported Premium Dri-Fit Track Pant Available In Chennai @ Cheap Price Direct Manufacturer | Club360,Imported Premium Dri-Fit Track Pant Available In Chennai @ Cheap Price | Direct Manufacturer | Club360 We Are One Of The ...,Club 360 Clothing,2021-08-27T12:35:27Z
F_H299AWYDw,DriFit Ns Lycra Shorts |Direct Manufacturer #shorts #drifit #yt #mensfashion #menswear #men #youtube,Imported Premium Dri-Fit Ns Lycra Short's | Direct Manufacturer | Wholesale & Retail | Premium Fabrics | Club360 We Are One Of ...,Club 360 Clothing,2022-09-25T08:48:18Z
PbefZnzvtug,moda menswear chennai/t.shirts/low price t.shirts/low price pant/old vanarpet/tamil vlog channel,"SHOP ADDRESS : MODA MENS WEAR PRICE RANGE: 2 T-SHIRTS 49 TO 399 INR. LOCATION: MC- ROAD, WASHERMENPET ...",MADRAS VLOGGER,2019-09-02T05:32:27Z
uZ9sCu79ZhE,TIRUPUR EXPORT BRANDED SURPLUS â‚¹50 WHOLESALER,Future Fashion Tirupur 641601 Mobile 91764-38604 Join Our What's App Community to get our daily updates for 365 days ...,Chennai Wala Bhai,2025-09-02T09:15:20Z
eFmcFAyKqyg,"Marc Steve Clothing Brand, Chennai. INDIA","Men's Jeans, Trousers, Cargos, Track Pants, Shorts. Complete Mens bottom wear. Only B2B.",Raj Chordia,2022-08-18T04:21:21Z
qdL7zSOfTeU,Best Sports Shop in Chennai | Grand Sports | Cricket Goods,"If you are looking for any kind of cricketing goods, Grand Sports in Velacherry, Chennai is the place to go.",CriKvoice,2020-02-26T17:11:51Z
j2fRlbSyLhg,Sports Personà®•à¯ Ultimate ShopğŸ’¯ğŸ¤¯ #shorts,"Sports Personà®•à¯ Ultimate Shop   @brand_ruda Contact: 9150702233 Address - No: 86, Nungambakkam High Road, Next to ...",Naveen's Thought,2025-01-14T11:57:15Z
E-URJdyOvBk,ğŸ’¯% Premium Branded Original Surplus DRIFIT ShortsğŸ”¥ğŸ”¥ğŸ”¥ | Chennai | Retail | Wholesale @club360clothing,Premium Branded Original Surplus DRIFIT Shorts       | Chennai | Retail | Wholesale @club360clothing We Are One Of The ...,Club 360 Clothing,2025-08-15T11:22:45Z
EmqwAG4-ulY,â‚¹200 à®®à¯à®¤à®²à¯ BRANDED SHIRTS à®†ğŸ’¥ğŸ’¥Branded Surplus Garments At Lowest Price in Chennai | Fashion Fever,Quick updates Follow me instagram ID :https://www.instagram.com/ranisvlogs/ SHOP DETAILS FASHION FEVER BRANCH 1 ...,Rani's vlogs,2025-08-30T03:55:00Z
PKt4shd-ZnQ,Gear Up! Shyaway Sportswear Now at VR Chennai,"Attention, Chennai! It's time to upgrade your activewear game. Visit Shyaway at VR Chennai and explore our trendy, ...",Shyaway,2024-12-07T12:04:00Z
wgH2LtunOyA,5 Premium Track Pant â‚¹999ğŸ’¥Mr.Rolex Menswear ChennaiğŸ’¥Pongal Offer #shorts,MrRolexMenswearChennai #MrRolexMenswear #MrRolexMenswearmcroad #mcroaddressshop #mcroadwholesalemarket ...,RIDER MACHINE VLOGS,2023-01-06T15:14:26Z
3EVGL84wdu8,TIrupur Surplus â‚¹50 Me Lo â‚¹100 Me Sale Karo ğŸ’¯ Margin ,( ARROW TRADERS ) PUSHPA NAGAR. MAIN ROAD. OLD ESSA COMPOUND. TIRUPUR -641604 9790026423 9843090254 ...,Chennai Wala Bhai,2025-08-27T00:30:03Z
tG8wu9RFRXM,Outfit99|mens|shorts|dress|sports|wears|chennai|180â‚¹|combo|offer,,Outfit99,2023-01-10T06:59:15Z
NRp-zFK7ye4,Jersey printing shop Chennai | Football jersey shop in chennai #cricketjerseys,"Cricket team jersey printing, Football team jersey, other sports and active wear shop in low price Location Mayilon sportswear 102 ...",Mayilon Sports wear,2024-09-21T15:18:13Z
-W59dHfH4yI,Decathlon for Sports Wearâ›¹ï¸â¤ï¸| #sportswear #gymwear #outfitideas #tamil #outfit #decathlon,,Karthik Chan,2023-07-29T12:02:17Z
UsKfeftXkn4,Decathlon Sports - OMR Perungudi #decathlon #sports #sportswear #omr #perungudi #chennai,"Decathlon Sport shop provide a wide range of Sportwear, Rain Jacket, Cycles, Running shoes, Badminton racket, Tennis racket, ...",Riya picks,2024-03-16T20:45:44Z
7LzgRevHwhU,TIRUPUR EXPORT SURPLUS SV COLONY MARKET ,Youtuber Promotion Your Company Business ONLY GENUINE SALER Only Whatsup 8270471705 ( BEST SURPLUS ...,Chennai Wala Bhai,2025-08-31T00:30:11Z
F9laoDX6nMc,Premium Clothing ğŸ”¥ğŸ’² at Budget Price ah ğŸ˜ğŸ“ğŸ‘•| #shorts,"Shopping Ku Pakka Spot âœ¨   . . Recently we visited Perfect Menswear in Navalur, Chennai - They have Premium Branded ...",Peppa Foodie,2024-03-16T14:00:12Z
CnoGkfy_tic,The Sports Shop #annanagar ğŸ”¥ğŸ‘Œ,"Contact- Abdul Irfan 8056166287 for price details. Shop location - Anna Nagar Near Roundabout Address- 3/28, 1st Street Block ...",Lokaesh D,2024-04-10T02:00:21Z
PeANLtj66AQ,"ğŸ¤¯TAKE ANY SHOE,ANY SIZE JUST â‚¹450 ONLYâ€¼ï¸DELUXE SHOE PARK RETTERI ",Quick updates Follow me instagram ID :https://www.instagram.com/ranisvlogs/ NEW SHOP OPENING OFFERâ€¼ï¸ OFFERS ...,Rani's vlogs,2025-09-03T03:55:00Z
pKQfpGyXzaY,"Running kit - best price -250only , order on 9888829881 Whataap - follow  instagram - robinsinghshop",,Robinsinghshop,2024-09-02T18:59:45Z
MFMuQcuCaFQ,mens popcorn pant#mens popcorn track pant samy tex THUGARAM 3rdStreet t nagar Chennai â˜ï¸ 9841422237,mens popcorn pant#mens popcorn track pant samy tex THUGARAM 3rdStreet t nagar Chennai â˜ï¸ 9841422237/9363022237.,LIVISHARAN ,2025-03-14T19:43:19Z
CjLM8G9EY6g,Symphony in action! ğŸ¶âœ¨#WhistlePodu #Yellove ğŸ¦ğŸ’›,,Chennai Super Kings,2025-05-20T08:42:36Z
Wy6VZOCtVEE,ğŸ’¥Premium Copies Cloths inga SEMMA Cheap ah kudukkurangala?!ğŸ¤¯ #shorts #idrisexplores,"Tag & Ask ur Friends for these Branded Outfits     . For more Informational Videos like this, SUBSCRIBE to me at @idris.explores ...",Idris Explores,2024-02-27T13:45:02Z
pFYgHMv5uOI,4 T-Shirts/ Shirts â‚¹999 | Branded surplus Dress Shop | Club 360,"Club360 Triplicane ( Branch 1 ) #37, Ameen Zohra Complex , 1St Floor Pycrofts Road Triplicane Chennai - 600 005 Mobile 9884 ...",VANDU URUTTI,2025-08-21T13:30:53Z
kO-UL6uo0ZU,100% à®•à®Ÿà¯à®Ÿà¯ à®•à®Ÿà¯à®Ÿà®¾ à®…à®³à¯à®³à®¿à®Ÿà¯à®Ÿà¯ à®ªà¯‹à®™à¯à®• Low Price Mens Wear | wholesale shop | WolfGang Wholesale,Quick updates Follow me instagram ID :https://www.instagram.com/ranisvlogs/ SHOP DETAILS: Wolf Gang ( Fashion Palace ) ...,Rani's vlogs,2025-09-02T03:55:01Z
kCDIaWT-L7Y,à®°à¯‚. 750 Original Branded Shoes | Branded Certified Shoe in Club 365 | Vimals lifestyle,"Quick updates Follow me instagram ID : https://vimalslifestyle.page.link/dhgB Club365 146/12, First Floor, Vepery High Road, ...",Vimals lifestyle,2025-08-07T10:24:58Z
s9tM06yaQZQ,"On your marks, Anshul!âš¡ï¸ğŸ¯#WhistlePodu #Yellove ğŸ¦ğŸ’›",,Chennai Super Kings,2025-03-03T15:05:59Z
W0bkcbRP-B8,Mega clearance sale in Chennai #clearancesale #expo #chennai,,Explore With Bavin,2025-07-15T07:09:36Z
reXacIC0iF0,"à®•à¯à®±à¯ˆà®¨à¯à®¤ à®µà®¿à®²à¯ˆà®¯à®¿à®²à¯ ğŸ˜±Team Jersey &amp; Sports wear.  Shop location on description, Contact : 9789921992",Location: Mayilon sports clothing store Metro station : Tollgate metro (Next to vada Chennai ayyappan temple ) Contact: 97899 ...,Irai Frames,2023-03-20T12:05:26Z
QbSXyJs8M8k,à®°à¯‚. 699 Original Branded Shoes | Branded Certified Shoe in Club 365 | Vimals lifestyle,"Quick updates Follow me instagram ID : https://vimalslifestyle.page.link/dhgB Club365 146/12, First Floor, Vepery High Road, ...",Vimals lifestyle,2025-07-03T08:49:32Z
-iETotdk7j4,JERSEY SPOT |streetwear |jersey|#styling #jersey #explore #chennai #thriftstorefinds,,UDAY,2025-07-27T03:30:01Z
g0bigLjIVY0,"Best Streetwear Store in Chennai | UKIYO , Spencer Plaza | #fashiontamil #streetwearfashion",,The G.O.A.T,2024-12-22T08:03:14Z
gje1noJtyFs,Best Streetwear in Chennai Right now âœ…âœ…âœ…ğŸ”¥ğŸ”¥ #fashionshorts #menswearstyle #streetwearfashion,,The G.O.A.T,2023-12-24T15:36:12Z
W8Zqh7aBuYQ,Best store for Streetwear in Chennai ğŸ”¥ğŸ”¥,Escape closet: Adambakkam.,The G.O.A.T,2022-10-18T13:39:30Z
LBqf2DfhiiA,âš ï¸Best StreetwearsğŸ˜± In ChennaiğŸ’¯ğŸ’¥ #streetwear #outfit #outfitideas #mensfashion #baggyclothes,,Karthik Chan,2024-03-23T11:33:26Z
uNL9cj1LbC0,Vintage Thrift Store Find! #thrift #thrifting #football #streetwear,"When The Thrift Gods are on your side! #thrift #thrifting #football #streetwear If you enjoyed this sort of content, I post longer form ...",Sam Holroyd ,2023-11-02T10:00:55Z
0J8hyZGCqbA,Exploring Chennai&#39;s First Thrift Store: YSL Jacket Worth â‚¹1.5 Lakhs! ğŸ”¥,Join us on 'The Trend Report' as we dive into Chennai's first thrift cum consignment store and discover a YSL jacket worth â‚¹1.5 ...,Avinaash,2024-05-27T13:12:54Z
L606obKPGlI,Top Fast Fashion And Street Wear Collection In Chennai,"Top Fast Fashion And Street Wear Collection In Chennai Fealz Menswear âœ¨   25% Offers No 2134 , Noor tower, 12th main road ...",A Dapper Fashioner,2025-01-23T14:30:11Z
-iETotdk7j4,JERSEY SPOT |streetwear |jersey|#styling #jersey #explore #chennai #thriftstorefinds,,UDAY,2025-07-27T03:30:01Z
0BAmlBYstJU,Pallavaram Sandhai ğŸ¤¯ğŸ¥µ #chennaifashion #pallavaramsandhai #mensfashionblogger,,The G.O.A.T,2025-01-09T10:27:33Z
Qw-cnwNAoRU,Velachery&#39;s Thrift Store SHOWDOWN Sandy Vlogs,"Coolest Thrift Store in Chennai  | Velachery | Sandy Vlogs Discover hidden gems at our thrift store in Velachery, Chennai!",Sandy Vlogs,2024-12-22T04:30:14Z
dT3af231FvM,ğŸš¨Hidden Spot AlertğŸš¨| Sandy Vlogs,"Hidden Spot Alert   Hidden spot Menswear is the ultimate destination for party wear, street wear, club wear & casual wear.",Sandy Vlogs,2025-06-15T06:13:01Z
U6iqroTEujE,Nobodyâ€™s talking about this Chennai Brandâ€¦YetğŸ‘€#streetwear #chennai #shortsvideo,,daxxye,2025-05-11T07:40:50Z
FMskKxGpNPc,Simple Streetwear Idea ğŸ”¥ #fashiontamil #fashion #fashiontrends,,The G.O.A.T,2023-06-28T11:21:11Z
ubpArCqaVms,Guess whoâ€™s back #irfansview #fashion #style #modeling #shop #shopping #streetwear #chennai #ilyzly,,ILYZLY FASHION EDUTAINMENT ,2024-02-23T23:31:39Z
np9FdSDmnoA,ğŸ¤©Imported Menswear | Celebrity Collections | Imported Streetwear Clothes | Dayum Store| Sandy Vlogs,Imported Menswear | Celebrity Collections | Imported Streetwear Clothes | Dayum Store| Location: Dayum Store No.,Sandy Vlogs,2024-07-19T10:44:33Z
8PME5aw-jZI,@Tuckin_menswear #fashion #streetwear #mensfashion,,Tuckin_menswear,2023-10-28T15:52:38Z
5ETA7tH0GN4,The premium clothing brand from Chennai!,,The Brand Dude,2023-09-23T11:16:21Z
jXb0r3cnLhQ,3 Outfits to Wear with Adidas Sambas that WONâ€™T MISS #adidassamba #streetwearoutfits #fashionoutfits,,pradauiian,2025-04-23T21:00:49Z
14R_I8a1KqQ,Escape originals tees and cargo now in bengalore and Chennai  store,Bengalore market and explore . . . #streetshopping #bangalorestreetshopping #commercialstreetshopping ...,exploreblr,2023-09-17T14:26:46Z
roTH2ODCVGg,"New Stock: LACOSTE Round Neck Half Sleeve T-Shirts, Sizes M-2XL, Just â‚¹550! Shop Now!  #fashion",Hello peoplesâ¤ NEW STOCK!!update Product: ROUND NECK HALF HAND T-SHIRT Brand: LACOSTE Size : M-2XL ...,Chennai Brands ,2024-09-24T06:54:48Z
OaL2WktUrQk,Triplicane ( ILYZLY ) ğŸ“ğŸ›ï¸ Best streetwear in town #ilyzly #menswear,,ILYZLY FASHION EDUTAINMENT ,2024-07-18T19:09:44Z
roxVmHSmglE,Street Wear Outfits Ideas For Boys ğŸ‘• #streetwear #tamilfashion #mensfashion #chennai #rithvick_jr,,Rithvick Jr11,2022-12-09T04:34:16Z
X0zXZZmoAtk,D2 clothing studio Padi chennai,,D2 Vlog,2023-11-01T06:17:39Z
z1wg6vlOJ4s,9+ categories of clothes for men #ilyzly #mensfashion #mensclothing #clothing #menswear #chennai,,ILYZLY FASHION EDUTAINMENT ,2024-06-06T00:16:47Z
p-iA6Gdt1G8,Top 10 most expensive Clothing Brands in the World ğŸ”¥#shortsfeed #facts #shorts #viralvideos#clothing,,Aktop10,2024-09-11T06:03:41Z
1Pmad72r9yA,Funk it up with FUGAZEE streetwear for men !! Available only at ILYZLY Knk Nungambakkam #fashion,,ILYZLY FASHION EDUTAINMENT ,2023-09-06T20:41:26Z
6O-7m24zM-M,Fit Check at The Last Ape: Streetwear &amp; y2k Fashion in Chennai! ğŸ”¥ğŸ‘Ÿ,"Join me for a fit check at The Last Ape, Chennai's top multi-brand streetwear store! From vintage vibes to Y2K trends, explore the ...",Avinaash,2024-05-29T13:29:28Z
6shs4riLxF0,Best Streetwear shop in chennai Velachery!#streetwear #chennai,"discover your new favourite outfits @dayumstore at Velachery chennai . . No: 5, Gandhi Road, Karunabigai Colony, Velachery ...",ashwath.10,2023-12-29T12:42:11Z
tucKeimDKgg,New Arrivals â€“ Premium Unisex T-Shirts | GraphPaper,New Arrivals â€“ Premium Unisex T-Shirts Fresh styles. Clean fits. Made for every day. Now available at GraphPaper Chennai.,Graph Paper,2025-07-18T04:01:03Z
-TkHQv3BrSI,Baggy denim jeans for men available at ILYZLY triplicane. #fashion #mensweardaily #mensfashion #mens,,ILYZLY FASHION EDUTAINMENT ,2023-08-06T21:47:14Z
e4griE5yTn4,Sports+Streetwear OutfitğŸ’¥ğŸ’¯|fashion|#streetwear #sports #mensfashion #tamilshorts #chennai #reels,,rishi_trends,2023-03-21T12:53:21Z
dM7P1a5a-Y4,URBAN MONKEY | New Brand Launch Unveiled ğŸ§¢ #mensfashion #streetstyle,Website link ( Shop Now ) https://ilyzly.com/ Follow us on (instagram) ...,ILYZLY FASHION EDUTAINMENT ,2025-06-26T11:30:30Z
GnAJOE2adQU,7 things to buy in Zudio ğŸ”¥ğŸ”¥ #fashiontamil #fashiontrends #menfashion,,The G.O.A.T,2023-08-27T12:35:49Z
9CT32xJoWdA,Chennai Boys Urban Monkey ğŸ’ Launched at ILYZLY OMR | Streetwear Just Leveled Up#fashion #streetwear,"Streetwear heads, it's time. Urban Monkey just LAUNCHED in our OMR ILYZLY store, and it's straight-up fire da! From ...",ILYZLY FASHION EDUTAINMENT ,2025-07-11T13:18:55Z
9lPXwnbpdkk,Stranger&#39;s Outfit Costs in Chennai:),Strangers Reveal Their Outfit Costs in Chennai! Ever wondered how much people in Chennai spend on their outfits? We hit ...,Suman Mpm,2025-03-02T10:10:40Z
y-AFp9C1E4c,âš ï¸Baggy Lovers Alertâ€¼ï¸ Baggy Clothing in ChennaiğŸ¤ #baggy #baggyclothes,,Karthik Chan,2024-01-26T10:47:57Z
WCYCLHm8KEk,New Arrivals â€“ Premium Menâ€™s T-Shirts | GraphPaper Chennai,Fresh styles. Clean fits. Made for every day. Now available at GraphPaper Chennai. For bulk orders: 72000 51690 ...,Graph Paper,2025-07-01T04:07:06Z
2-ZFibHaUTA,Chennaiâ€™s best street wear Brand (ILYZLY) #chennai #fashionshopping #fashiontrends #menswear,,ILYZLY FASHION EDUTAINMENT ,2023-11-08T21:58:37Z
oZSAzlS6pgc,ğŸš¨ Mission Unlocked: GTA Chennai Edition | DripUp Streetwear ğŸ®ğŸ”¥ #DripUp #GTAVibes #streetwear,MISSION UNLOCKED: CHENNAI EDITION Streetwear meets street mode Streetwear unlocked â­ Respect gained ...,DripUp Up,2025-08-31T05:00:51Z
ffCYxWDbslM,Get ready to celebrate Madras with Thuni Mani! #madras #chennai  #tamil  #streetwear,,Thuni Mani,2025-08-12T14:41:54Z
yvkTQo5s1OA,Youthfulness #trending #denim #mensfashion #chennai #olive #style #denimpants #jeans #fashiontrends,,Derby Tailor Studio,2024-12-05T05:45:29Z
Ur6ozP-O1Mw,Partywear Stoned Tshirts - imported chennai menswear,,Walkingstreet Official,2025-05-12T14:39:48Z
45SzgAQHM5g,LATEST COLLECTION |zudio| streetwear|#styling #zudio #streetwear #chennai #mensfashion,,UDAY,2025-07-13T03:30:03Z
0gYzexlba8w,The short design process  #trending #viral  #streetwear #shorts,This is one of my design process. customized works will be one here https://zonej.in/ for more contact 8939888593.,ZONE J,2024-01-14T12:17:25Z
IJaN_0-YHQ8,Explore the Ilyzly Store in Triplicane: Your Fashion Destination Awaits #ilyzly #mensfashion,Website link ( Shop Now ) https://ilyzly.com/ Follow us on (instagram) ...,ILYZLY FASHION EDUTAINMENT ,2024-07-31T05:00:11Z
BN5DlcyUn3Y,Chennai Boys Urban Monkey ğŸ’ Launched at ILYZLY OMR | Streetwear Just Leveled Up#fashion #streetwear,"https://youtu.be/9CT32xJoWdA Streetwear heads, it's time. Urban Monkey just LAUNCHED in our OMR ILYZLY store, and it's ...",ILYZLY FASHION EDUTAINMENT ,2025-07-11T14:00:18Z
M0PI3Go4BzI,t-shirts shop chennai  #mensfashion #clothing #teeshirts #sale #fashion #hiphop #hindisong #tamil,,ARYAA GARMENTS ,2025-03-04T05:59:56Z
OTX8WLwW0-M,Top 4 Must-Have Summer Outfits in Chennai 2025 | Beat the Heat with Style #mensfashion #fashion,We're bringing you the top 4 trendy summer outfits of 2025 that keep you looking cool and feeling cooler. From breathable fabrics ...,ILYZLY FASHION EDUTAINMENT ,2025-05-10T11:30:20Z
y7o_nVIL8bo,Corduroy Baggy cargo jogger for men for a perfect street wear look #fashion #chennai,,ILYZLY FASHION EDUTAINMENT ,2025-02-11T19:11:33Z
ExeS-M8EHjc,ğŸ¤–Funky &amp; Vibe dressğŸ”¥ collection inğŸŒŸâš¡ nambha chennai ğŸ‘¾ PART- 1 #streetfashion #streetwear #tamilnadu,Follow me on Instagram @fake_goindhan_ Neega searching for funky street dress collection shops   indha videova unga friends ...,Freeyavude FG,2024-07-24T11:31:00Z
3jLjt5wl5bo,Van Heusen Innerwear &amp; Athleisure | Phoenix Marketcity Chennai,"Uber stylish, Premium, and Functional Innerwear, Athleisure, Activewear, and Loungewear. Visit the Phoenix Market City Store ...",Van Heusen Innerwear and Athleisure,2021-09-08T13:40:44Z
AY-bWEIfiQg,Van Heusen Active | Phoenix Marketcity Chennai,"Uber stylish, Premium, and Functional Activewear. Visit Phoenix Marketcity today: https://goo.gl/maps/rYKz33gPGqNVMDuZ7.",Van Heusen Innerwear and Athleisure,2021-10-01T07:43:17Z
II0MPL4fQTY,#reels | Coppersmith Athleisure&#39;s | Motivational Reel | Buy it |  #athleisure #athleisurevibes,reels #shorts #fashion #athleisurevibes #motivation Welcome to Coppersmith â€“ Just Try It âœ¨ We're here to empower women to ...,coppersmith,2024-12-05T07:09:12Z
zcoQEqoFzck,FASO INNERWEAR &amp; ATHLEISURE,Feel Comfort! Look Sporty! Experience our customized fit Innerwear & Athleisure collections for super comfort. Shop online on ...,Faso Clothings,2021-10-21T06:36:07Z
g-QFI0Y-tws,Get Ready With Me For Gym | Budget Gym Outfit from Decathlon #shorts #grwmoutfit #gymoutfit,shorts #decathlon #gymoutfits #grwm.,Pranav,2024-03-28T13:35:01Z
4cmLQNDK11M,45 years old Original Atho shop in chennai,"Welcome to another exciting episode of 'Atho Shop Chronicles'! Join me, John, your 45-year-old host and passionate athleisure ...",Archana Vlogs,2024-03-18T04:30:01Z
j4NiUOkHNxI,Myntra gym wear haul | short girl friendly #gymwear #myntrafinds #shortsfeed #activewear,,Ananya Kunddu,2025-03-20T11:26:13Z
CXzWdWuQvAA,#niyahkrishna #tamilsong #chennai #tamilstatus #trending  #activewear,,Niyah krishna ,2023-05-24T07:40:01Z
KA81oSYVYtw,Gym T-shirt Myntra haul â¤ï¸,,Richita Jakhwal,2023-08-24T16:38:53Z
HFDX8GM3Tjg,5 GYM OUTFIT IDEAS (look good in athleisure) #ad,If you look good you'll feel good and you'll lift better. That's FACTS. Shop the looks here on my ObsessedWith.It or down below: ...,Fly With Johnny Thai,2023-04-13T20:37:39Z
QReR0JNlT9c,Found perfect Gym top on @myntra  #myntrafinds #shorts,Link for the top http://www.myntra.com/mailers/topwear/misspap/misspap-super-soft-active-contour-front-open-top/24547426/buy.,Kanika Gathania,2023-12-09T12:31:52Z
QSHYu4OuHuA,Gym wear haul SAVANA 20% off code-TANISHA362 ğŸ˜±ğŸ”¥ Active wear Savana haul #gymwear #sports #activewear,Gym wear haul SAVANA. This is the only gym wear haul you will need . The quality of active wear haul . use code: TANISHA362 ...,Tanisha Rathod,2024-11-13T13:00:27Z
2Bksm5QmoB8,Find Your Perfect Fit: Visiting Shyaway at VR Chennai for Activewear!,"In this video, we explore how VR is transforming the way you shop for lingerie and activewear. Discover the latest styles, enjoy a ...",Shyaway,2024-07-23T08:30:00Z
Zx7p-Ct2Qr0,Gym T-shirt haul Best gym T-shirts for men Workout T-shirt review Affordable gym wear trending tee,"Welcome to the ultimate guide on finding the BEST gym T-shirts for your workout routine! Whether you're a fitness enthusiast, ...",Navin Saijvani,2025-05-01T04:34:39Z
JvmaU27DjA4,Step up your innerwear &amp; athleisure wear game with FASO for all-day comfort &amp; freshness. Shop now.,,Faso Clothings,2022-09-11T05:49:20Z
LEBM5NENwTM,ActiveWear Brand &quot;TechnoSport&quot; Launches Flagship Store in Besant Nagar Chennai,"ActiveWear Brand ""TechnoSport"" Launches Flagship Store in Besant Nagar Chennai Chennai, 3rd August, 2025: TechnoSport, ...",Chennai Press News,2025-08-03T12:06:57Z
ETLOOLdcBvk,Lounge &amp; Travel Outfits for Women Over 50! #spanxleggings #spanx #traveloutfit #airportoutfit,Lounge & travel Outfits for Women Over 50! #spanxleggings #spanx #traveloutfit #airportoutfit â€¼ï¸ BACK IN STOCK â€¼ï¸ My favorite ...,Style With Serena,2024-12-16T22:00:09Z
yvTTOOho7rA,New men&#39;s corset pants Men&#39;s Cargo pants Fashion Haren pants Men&#39;s Winter tactical casual pants.,,BOUAGO,2024-11-20T14:29:03Z
EO84B-WO_3E,GYM WEAR HAUL WORTH â‚¹10000 ğŸ˜…â˜ºï¸ #ashortaday From Decathlon ğŸ¤©,,Aashi Adani,2023-08-22T15:27:01Z
POkX98sS6ts,Organic Athleisure,Antibacterial! Odor Resistant! Supersoft! Try our Natural and Hygienic organic cotton Athleisure collections. Shop online on ...,Faso Clothings,2021-10-01T05:31:42Z
SjyI9lKcLCo,Track pants fashion Trendy track pants 2024 Stylish track pants Best track pants brands Men&#39;s track,"Discover the latest trends in track pants for 2024! In this video, we explore the most stylish and comfortable track pants for men, ...",Navin Saijvani,2024-07-18T11:48:25Z
OsFL_AW6qvM,10 winter trek essentials #youtubeshorts #travelshorts #trekking #athleisure  #activewear,,Travel With Pinkpebble (Sandhya Majji),2023-02-06T13:00:18Z
b2Ub8XH8fgw,#reels | Coppersmith | Reels | Just Try it #athleisure #clothing #fashion #onlineshopping,"Welcome to Coppersmith â€“ Just Try It âœ¨ We're here to empower women to look and feel their best, whether you're hitting the ...",coppersmith,2024-12-05T06:40:10Z
oQc7kvQRwbs,#Reels | Trendy | Coppersmith athleisures | kadhalikkum pennin | Shorts,"reels #athleisure #clothing #amazingfacts Welcome to Coppersmith â€“ Just Try It âœ¨ kadhalikkum pennin kaigal , BGM, ...",coppersmith,2024-12-05T07:02:54Z
pjKf_0Oct-8,"Now look Stylish along with Comfort at FASO Exclusive Walk-In Store, Adyar, Chennai","Get all the looks, along with the comfort of in-store shopping. We are now open at Adyar, Chennai! Find our most loved styles at ...",Faso Clothings,2023-01-05T07:28:19Z
uZ8u_fKxv6E,Level up your fitness game in style ğŸ‹ï¸â€â™€ï¸ğŸ‘ŸGrab great deals  top sportswear brands! ğŸ”¥,Level up your fitness game in style ğŸ‹ï¸â€â™€ï¸   Grab great deals top sportswear brands! From activewear to athleisure â€” it's all ...,Phoenix Marketcity Chennai,2025-07-23T12:54:30Z
nt9kNinbW7w,Imported Premium Dri-Fit Track Pant Available In Chennai @ Cheap Price Direct Manufacturer | Club360,Imported Premium Dri-Fit Track Pant Available In Chennai @ Cheap Price | Direct Manufacturer | Club360 We Are One Of The ...,Club 360 Clothing,2021-09-08T08:09:19Z
vIINmWRh1Xc,Unboxing Techno Sport Track Pant Joggers #shorts,We are an authorized wholesale dealer of TechnoSport goods in TamilNadu. If you are interested in purchasing you can ...,Zealous Ventures TechnoSport,2022-12-07T05:59:29Z
-lB8nYxidFo,abros hyperfuse running shoes - Best Shoes Under 1500 - Shoe For Running #shoes #shorts,"Abros Drift Shoe - Best Shoes Under 1500 - Abros Running Shoe #shoes #shorts #runningshoes abros running shoes,abros ...",Ashish Rathore vlogs,2024-10-23T07:00:00Z
17gsQsMMues,Imported 4way Lycra Formal Pant Available In Chennai @ Cheap Price | Direct Manufacturer #shorts,Imported Premium 4way Lycra Formal Pant Available In Chennai @ Cheap Price | Direct Manufacturer | Club360 We Are One Of ...,Club 360 Clothing,2022-01-10T10:06:33Z
d2A39eJ_Iso,Budget friendly &amp; shoes ğŸ‘Ÿ Running &amp; workout #coachmathi #motivation #fit_tamila #coachmathi365,,Coach Mathi Fit-à®¤à®®à®¿à®´à®¾,2024-06-29T04:34:12Z
ns77IlS2pLU,Sweat for Good- Faso Organic Cotton Mens Innerwear,"Shop Online on FASO.IN, get 25% OFF on all purchases of Rs.799 & above [ Use Coupon Code FASO25 ]. Also, get FREE ...",Faso Clothings,2020-10-24T10:28:19Z
QsluBUrED0g,VITALITY Collection #TuraagActive #livelimitless  #athleisure #fitness #activelifestyle #activewear,,Turaag Active ,2023-03-04T08:22:45Z
qvyQI04iZA4,"ğŸ‘Ÿ Nivia Badminton Shoes â€“ Comfort, Grip &amp; Style for Every Player ğŸ¸ | S.S Signature | Chennai.",Smash your game with Nivia Badminton Shoes âœ¨ Are you playing badminton and often feel ankle pain? Don't worry â€” here's ...,SS Signature,2025-08-16T11:50:17Z
wBWej0vMAoM,Winter Clothing at Joonus Sait in Egmore #irfansview,,Irfan's View - 2,2023-04-19T11:30:30Z
QrzukpBW-IM,Samsung Watch Ultra 2024 model and 2025 model in offer Price #smartphone #shopinchennai #chennai,Next-gen smart living starts with Samsung Watch Ultra. Dream City makes it affordable for you Shop now at @dream_city_dc ...,Dreamcity,2025-08-21T10:50:12Z
gcI2oAhkdAw,"FASO - Exclusive Store at Adyar, Chennai",We are elated to share this with our extended family on social media! We inaugurated our First Exclusive Walk-in #Store at #Adyar ...,Faso Clothings,2023-01-04T06:33:13Z
ysS4Kk0USGA,This running shoe is illegal!,c: runnersnerd on instagram alexfilitti on TikTok.,Arcdelio,2024-05-06T13:43:58Z
FSfcaeC11RQ,Trackpants under â‚¹500ğŸ”¥ | Check channel bio for linksğŸ“©ğŸ¤ | #trackpants #mensfashion #activewear,,Sam Slayzz,2024-08-03T07:24:58Z
tdE276STyzY,"Try and Buy at Tattva The studio, Chennai ğŸ›ï¸ #theshortstore #smallbusiness #activewear",,The Short Store,2023-11-18T04:35:31Z
B3f0vdbfG1w,"Thoughtful gifts for every occasion in Chennai, available at 99tshirt in",Custom T-shirt Printing Hyderabad Call- 9014184280 / 9700501626. www.99tshirt.in/customized-products Personalized Apparel ...,real estate cloth banners printing.,2023-11-30T11:47:16Z
FkoR1a-8u0I,The best brandsğŸ˜±ğŸ¤¯ğŸ¤© #gym #shorts,,Fitnesshub,2024-08-18T11:31:04Z
qFi4VD8xeQE,Van Heusen Athleisure Men&#39;s Solid Regular Fit Polo  #shorts,Van Heusen Athleisure Men's Solid Regular Fit Polo (60033_Deep Sea L) buy in link :- https://amzn.to/3ztMIAG.,Baa style,2021-09-21T13:42:57Z
nHKbLlySKYw,Gym wear from savana under rs 600ğŸ˜±#savanahaul#gymwear#underrs600#activewear#affordablegymwear#short,,Mitalijainn,2025-04-27T10:37:44Z
qirosnk94qE,Ashima&#39;s Ultimate Workout Wardrobe | Phoenix Marketcity Chennai,"Love your fitness routine? Now fall in love with your fitness wear. Watch how lifestyle blogger, Ashima Makhija, curated looks ...",Phoenix Marketcity Chennai,2018-07-24T10:18:03Z
RQzU8hEG9FA,She thinks men shouldnâ€™t wear Athletic wear?!,,Emma Rogue,2022-08-24T14:00:24Z
3x6WxDumpyM,Best Cargo Pants for Men | Lymio Cotton Cargo Review &amp; Styling 2025 #fashion #fashionstyle,Upgrade Your Wardrobe with These Stylish & Comfortable Cargo Pants! âœ¨ Looking for the perfect blend of style & functionality?,Insta Marts Fashion,2025-03-16T08:43:41Z
b8k4s4R_Pfc,Nike Invincible 3 &amp; Asics Gel-Nimbus 25,,Ryan's Running Reviews ,2023-05-01T23:45:01Z
pMCWwG3eOlQ,ğŸ‘‘Westside New accessories Collection ğŸ˜| Chennai Velachery #deepuvlogstamil #tamil #shorts #yt,Westside New accessories Collection | Chennai Velachery #deepuvlogstamil #tamil #shorts #yt #westside #accessories ...,Deepu Vlogs Tamil,2024-11-22T13:30:26Z
QdfTodtuh_s,Imported Series 8 Ultra 49mm model... Watch the video for offer priceğŸ’°ğŸ’° #chennai #porur,SERIES 8 ULTRA 49mm (Watch the Video for Offer Price) Real Strap Lock Button Screws In-built Wallpaper Lock ...,Porur Gadgets,2022-12-29T19:18:06Z
